{
    "directed": false,
    "multigraph": false,
    "graph": {},
    "nodes": [
        {
            "pose": [
                3.2886080551557866,
                3.4778208559710055,
                0.5743089602647663
            ],
            "robot_pose": [
                [
                    0.866352075281151,
                    -0.4994337610294712,
                    0.0,
                    1.0776849622279807
                ],
                [
                    0.4994337610294712,
                    0.866352075281151,
                    0.0,
                    0.18658407987051073
                ],
                [
                    0.0,
                    0.0,
                    1.0,
                    0.0
                ],
                [
                    0.0,
                    0.0,
                    0.0,
                    1.0
                ]
            ],
            "category": "table",
            "confidence": 0.554158627986908,
            "id": "table_000002_1"
        },
        {
            "pose": [
                8.07237100688422,
                1.6213268609806195,
                0.7248004247429526
            ],
            "robot_pose": [
                [
                    0.9749753708202377,
                    0.2223129017712198,
                    0.0,
                    3.037271280461389
                ],
                [
                    -0.2223129017712198,
                    0.9749753708202377,
                    -0.0,
                    0.9303433646264138
                ],
                [
                    -0.0,
                    0.0,
                    1.0,
                    0.0
                ],
                [
                    0.0,
                    0.0,
                    0.0,
                    1.0
                ]
            ],
            "category": "table",
            "confidence": 0.7406186461448669,
            "id": "table_000008_0"
        },
        {
            "pose": [
                2.231822161080686,
                -4.918772566160039,
                0.38317573907553265
            ],
            "robot_pose": [
                [
                    -0.9525802926807283,
                    0.30428734116998546,
                    0.0,
                    6.430591031679218
                ],
                [
                    -0.30428734116998546,
                    -0.9525802926807283,
                    0.0,
                    -2.543599537309328
                ],
                [
                    0.0,
                    0.0,
                    1.0,
                    0.0
                ],
                [
                    0.0,
                    0.0,
                    0.0,
                    1.0
                ]
            ],
            "category": "table",
            "confidence": 0.5760589838027954,
            "id": "table_000023_0"
        },
        {
            "pose": [
                1.3367276212090964,
                -1.6123966868300277,
                0.6725627423216483
            ],
            "robot_pose": [
                [
                    -0.9947967314414687,
                    -0.10187965014354124,
                    0.0,
                    5.960559239164645
                ],
                [
                    0.10187965014354124,
                    -0.9947967314414687,
                    0.0,
                    -2.5052221710783606
                ],
                [
                    0.0,
                    0.0,
                    1.0,
                    0.0
                ],
                [
                    0.0,
                    0.0,
                    0.0,
                    1.0
                ]
            ],
            "category": "table",
            "confidence": 0.6714048981666565,
            "id": "table_000024_0"
        },
        {
            "pose": [
                -0.1635458352773919,
                -4.941197127151482,
                0.30966490683181896
            ],
            "robot_pose": [
                [
                    -0.9801512389249245,
                    0.19825122656351005,
                    0.0,
                    1.4446946890701264
                ],
                [
                    -0.19825122656351005,
                    -0.9801512389249245,
                    0.0,
                    -3.744776425730517
                ],
                [
                    0.0,
                    0.0,
                    1.0,
                    0.0
                ],
                [
                    0.0,
                    0.0,
                    0.0,
                    1.0
                ]
            ],
            "category": "chair",
            "confidence": 0.5708416104316711,
            "id": "chair_000033_0"
        },
        {
            "pose": [
                -0.5977939309409018,
                -2.1015181408990244,
                0.9617823124265847
            ],
            "robot_pose": [
                [
                    0.11521721129448081,
                    -0.9933403214515775,
                    0.0,
                    -1.0669498337719097
                ],
                [
                    0.9933403214515775,
                    0.11521721129448081,
                    0.0,
                    -3.458003159685939
                ],
                [
                    0.0,
                    0.0,
                    1.0,
                    0.0
                ],
                [
                    0.0,
                    0.0,
                    0.0,
                    1.0
                ]
            ],
            "category": "table",
            "confidence": 0.654725193977356,
            "id": "table_000039_0"
        },
        {
            "pose": [
                -2.8493150833935563,
                0.7833396343321799,
                0.5551905519638314
            ],
            "robot_pose": [
                [
                    -0.31818130504849185,
                    -0.9480298819750561,
                    0.0,
                    -1.0738376228530657
                ],
                [
                    0.9480298819750561,
                    -0.31818130504849185,
                    0.0,
                    -2.994311143077195
                ],
                [
                    0.0,
                    0.0,
                    1.0,
                    0.0
                ],
                [
                    0.0,
                    0.0,
                    0.0,
                    1.0
                ]
            ],
            "category": "door",
            "confidence": 0.5709126591682434,
            "id": "door_000040_0"
        },
        {
            "id": "table_new_0",
            "pose": [
                -0.7999373997706277,
                0.18527018319420868,
                0.014395295353467168
            ],
            "robot_pose": null,
            "category": "table"
        },
        {
            "id": "door_new_0",
            "pose": [
                8.232715973388608,
                -1.0184120887101338,
                0.5610283846376468
            ],
            "robot_pose": null,
            "category": "door"
        },
        {
            "id": "table_new_1",
            "pose": [
                4.358209713990456,
                -4.089504478663943,
                0.6594921556590913
            ],
            "robot_pose": null,
            "category": "table"
        },
        {
            "id": "chair_new_1",
            "pose": [
                0.6034756111443655,
                -1.3805789866465517,
                0.4872700184966852
            ],
            "robot_pose": null,
            "category": "chair"
        },
        {
            "id": "door_new_1",